name,index,shape,quantization_parameters,sparsity_parameters,dtype,quantization,shape_signature
fuse_attr_12,0,[  1   3   3 192],"{'scales': array([0.00856093], dtype=float32), 'zero_points': array([128], dtype=int32), 'quantized_dimension': 0}",{},<class 'numpy.uint8'>,"(0.008560928516089916, 128)",[  1   3   3 192]
input.18_te_transform,1,[  1  28  28 192],"{'scales': array([0.06881019], dtype=float32), 'zero_points': array([0], dtype=int32), 'quantized_dimension': 0}",{},<class 'numpy.uint8'>,"(0.06881018728017807, 0)",[  1  28  28 192]
756,2,[   1 1280],"{'scales': array([0.18627396], dtype=float32), 'zero_points': array([0], dtype=int32), 'quantized_dimension': 0}",{},<class 'numpy.uint8'>,"(0.1862739622592926, 0)",[   1 1280]
input.6_te_transform_1_te_attr_2,3,[4 2],"{'scales': array([], dtype=float32), 'zero_points': array([], dtype=int32), 'quantized_dimension': 0}",{},<class 'numpy.int32'>,"(0.0, 0)",[4 2]
input.8_attr_1,4,[96],"{'scales': array([0.00118922], dtype=float32), 'zero_points': array([0], dtype=int32), 'quantized_dimension': 0}",{},<class 'numpy.int32'>,"(0.0011892198817804456, 0)",[96]
input.56_attr_1,5,[512],"{'scales': array([0.0014583], dtype=float32), 'zero_points': array([0], dtype=int32), 'quantized_dimension': 0}",{},<class 'numpy.int32'>,"(0.0014583024894818664, 0)",[512]
input.80_te_transform,6,[  1  14  14 512],"{'scales': array([0.17790113], dtype=float32), 'zero_points': array([0], dtype=int32), 'quantized_dimension': 0}",{},<class 'numpy.uint8'>,"(0.17790113389492035, 0)",[  1  14  14 512]
fuse_attr_6,7,[ 1  3  3 96],"{'scales': array([0.00858448], dtype=float32), 'zero_points': array([128], dtype=int32), 'quantized_dimension': 0}",{},<class 'numpy.uint8'>,"(0.008584484457969666, 128)",[ 1  3  3 96]
fuse_attr_10,8,[  1   3   3 192],"{'scales': array([0.0083168], dtype=float32), 'zero_points': array([128], dtype=int32), 'quantized_dimension': 0}",{},<class 'numpy.uint8'>,"(0.008316801860928535, 128)",[  1   3   3 192]
fuse_attr_32,9,[  1   3   3 512],"{'scales': array([0.00882115], dtype=float32), 'zero_points': array([128], dtype=int32), 'quantized_dimension': 0}",{},<class 'numpy.uint8'>,"(0.008821147494018078, 128)",[  1   3   3 512]
input_0_f.1,10,[  1 224 224   3],"{'scales': array([], dtype=float32), 'zero_points': array([], dtype=int32), 'quantized_dimension': 0}",{},<class 'numpy.float32'>,"(0.0, 0)",[  1 224 224   3]
input.80_attr_1,11,[512],"{'scales': array([0.00161831], dtype=float32), 'zero_points': array([0], dtype=int32), 'quantized_dimension': 0}",{},<class 'numpy.int32'>,"(0.001618311507627368, 0)",[512]
input.26_attr_1,12,[192],"{'scales': array([0.00033097], dtype=float32), 'zero_points': array([0], dtype=int32), 'quantized_dimension': 0}",{},<class 'numpy.int32'>,"(0.00033096771221607924, 0)",[192]
fuse_attr_35,13,[512   1   1 512],"{'scales': array([0.00982324], dtype=float32), 'zero_points': array([128], dtype=int32), 'quantized_dimension': 0}",{},<class 'numpy.uint8'>,"(0.009823239408433437, 128)",[512   1   1 512]
input.6_te_transform_1_te_transform_2,14,[  1 114 114  64],"{'scales': array([0.1974415], dtype=float32), 'zero_points': array([0], dtype=int32), 'quantized_dimension': 0}",{},<class 'numpy.uint8'>,"(0.19744150340557098, 0)",[  1 114 114  64]
input.70_te_transform,15,[  1  14  14 512],"{'scales': array([0.4904694], dtype=float32), 'zero_points': array([0], dtype=int32), 'quantized_dimension': 0}",{},<class 'numpy.uint8'>,"(0.49046939611434937, 0)",[  1  14  14 512]
input.68_attr_1,16,[512],"{'scales': array([0.00308946], dtype=float32), 'zero_points': array([0], dtype=int32), 'quantized_dimension': 0}",{},<class 'numpy.int32'>,"(0.003089461475610733, 0)",[512]
input.74_attr_1,17,[512],"{'scales': array([0.00372705], dtype=float32), 'zero_points': array([0], dtype=int32), 'quantized_dimension': 0}",{},<class 'numpy.int32'>,"(0.003727046772837639, 0)",[512]
input.38_te_transform,18,[  1  28  28 192],"{'scales': array([0.04489639], dtype=float32), 'zero_points': array([0], dtype=int32), 'quantized_dimension': 0}",{},<class 'numpy.uint8'>,"(0.044896386563777924, 0)",[  1  28  28 192]
input.20_te_transform,19,[  1  28  28 192],"{'scales': array([0.04427044], dtype=float32), 'zero_points': array([0], dtype=int32), 'quantized_dimension': 0}",{},<class 'numpy.uint8'>,"(0.04427044093608856, 0)",[  1  28  28 192]
input.14_te_transform_1_te_attr_2,20,[4 2],"{'scales': array([], dtype=float32), 'zero_points': array([], dtype=int32), 'quantized_dimension': 0}",{},<class 'numpy.int32'>,"(0.0, 0)",[4 2]
input.76_te_transform,21,[  1  14  14 512],"{'scales': array([0.2755067], dtype=float32), 'zero_points': array([0], dtype=int32), 'quantized_dimension': 0}",{},<class 'numpy.uint8'>,"(0.2755067050457001, 0)",[  1  14  14 512]
fuse_attr_42,22,[  1   3   3 512],"{'scales': array([0.01113046], dtype=float32), 'zero_points': array([128], dtype=int32), 'quantized_dimension': 0}",{},<class 'numpy.uint8'>,"(0.011130464263260365, 128)",[  1   3   3 512]
fuse_attr_38,23,[  1   3   3 512],"{'scales': array([0.00816767], dtype=float32), 'zero_points': array([128], dtype=int32), 'quantized_dimension': 0}",{},<class 'numpy.uint8'>,"(0.008167670108377934, 128)",[  1   3   3 512]
input.38_attr_1,24,[192],"{'scales': array([0.00034505], dtype=float32), 'zero_points': array([0], dtype=int32), 'quantized_dimension': 0}",{},<class 'numpy.int32'>,"(0.00034504939685575664, 0)",[192]
Xq.1_attr,25,[1000 1280],"{'scales': array([0.01196401], dtype=float32), 'zero_points': array([128], dtype=int32), 'quantized_dimension': 0}",{},<class 'numpy.uint8'>,"(0.011964010074734688, 128)",[1000 1280]
Xq.1,26,[   1 1000],"{'scales': array([0.08492726], dtype=float32), 'zero_points': array([37], dtype=int32), 'quantized_dimension': 0}",{},<class 'numpy.uint8'>,"(0.0849272608757019, 37)",[   1 1000]
fuse_attr_29,27,[512   1   1 512],"{'scales': array([0.00798745], dtype=float32), 'zero_points': array([128], dtype=int32), 'quantized_dimension': 0}",{},<class 'numpy.uint8'>,"(0.007987447082996368, 128)",[512   1   1 512]
fuse_attr_5,28,[96  1  1 96],"{'scales': array([0.00897816], dtype=float32), 'zero_points': array([128], dtype=int32), 'quantized_dimension': 0}",{},<class 'numpy.uint8'>,"(0.008978158235549927, 128)",[96  1  1 96]
fuse_attr_8,29,[  1   3   3 192],"{'scales': array([0.00780266], dtype=float32), 'zero_points': array([128], dtype=int32), 'quantized_dimension': 0}",{},<class 'numpy.uint8'>,"(0.0078026605769991875, 128)",[  1   3   3 192]
input.44_attr_1,30,[192],"{'scales': array([0.00019104], dtype=float32), 'zero_points': array([0], dtype=int32), 'quantized_dimension': 0}",{},<class 'numpy.int32'>,"(0.00019104356761090457, 0)",[192]
fuse_attr_1,31,[64  3  3  3],"{'scales': array([0.01402346], dtype=float32), 'zero_points': array([128], dtype=int32), 'quantized_dimension': 0}",{},<class 'numpy.uint8'>,"(0.014023457653820515, 128)",[64  3  3  3]
fuse_attr_22,32,[  1   3   3 192],"{'scales': array([0.00739768], dtype=float32), 'zero_points': array([128], dtype=int32), 'quantized_dimension': 0}",{},<class 'numpy.uint8'>,"(0.00739768473431468, 128)",[  1   3   3 192]
input.54_attr_1,33,[512],"{'scales': array([0.00132228], dtype=float32), 'zero_points': array([0], dtype=int32), 'quantized_dimension': 0}",{},<class 'numpy.int32'>,"(0.0013222807319834828, 0)",[512]
fuse_attr_28,34,[  1   3   3 512],"{'scales': array([0.00861333], dtype=float32), 'zero_points': array([128], dtype=int32), 'quantized_dimension': 0}",{},<class 'numpy.uint8'>,"(0.008613329380750656, 128)",[  1   3   3 512]
input.58_attr_1,35,[512],"{'scales': array([0.00141345], dtype=float32), 'zero_points': array([0], dtype=int32), 'quantized_dimension': 0}",{},<class 'numpy.int32'>,"(0.0014134538359940052, 0)",[512]
input.36_attr_1,36,[192],"{'scales': array([0.00017608], dtype=float32), 'zero_points': array([0], dtype=int32), 'quantized_dimension': 0}",{},<class 'numpy.int32'>,"(0.000176081812242046, 0)",[192]
input.74_te_transform,37,[  1  14  14 512],"{'scales': array([0.3936986], dtype=float32), 'zero_points': array([0], dtype=int32), 'quantized_dimension': 0}",{},<class 'numpy.uint8'>,"(0.3936986029148102, 0)",[  1  14  14 512]
input.28_attr_1,38,[192],"{'scales': array([0.00021486], dtype=float32), 'zero_points': array([0], dtype=int32), 'quantized_dimension': 0}",{},<class 'numpy.int32'>,"(0.0002148607891285792, 0)",[192]
input.72_te_transform,39,[  1  14  14 512],"{'scales': array([0.2749541], dtype=float32), 'zero_points': array([0], dtype=int32), 'quantized_dimension': 0}",{},<class 'numpy.uint8'>,"(0.2749541103839874, 0)",[  1  14  14 512]
input.50_te_transform,40,[  1  14  14 512],"{'scales': array([0.1666687], dtype=float32), 'zero_points': array([0], dtype=int32), 'quantized_dimension': 0}",{},<class 'numpy.uint8'>,"(0.16666869819164276, 0)",[  1  14  14 512]
input.50_attr_1,41,[512],"{'scales': array([0.00182327], dtype=float32), 'zero_points': array([0], dtype=int32), 'quantized_dimension': 0}",{},<class 'numpy.int32'>,"(0.0018232747679576278, 0)",[512]
input.4_te_transform_1_te_transform_2,42,[  1 226 226   3],"{'scales': array([0.01865845], dtype=float32), 'zero_points': array([114], dtype=int32), 'quantized_dimension': 0}",{},<class 'numpy.uint8'>,"(0.01865844801068306, 114)",[  1 226 226   3]
input.86_te_transform_1_te_attr_2,43,[4 2],"{'scales': array([], dtype=float32), 'zero_points': array([], dtype=int32), 'quantized_dimension': 0}",{},<class 'numpy.int32'>,"(0.0, 0)",[4 2]
input.16_attr_1,44,[192],"{'scales': array([0.00044147], dtype=float32), 'zero_points': array([0], dtype=int32), 'quantized_dimension': 0}",{},<class 'numpy.int32'>,"(0.00044147056178189814, 0)",[192]
input.22_attr_1,45,[192],"{'scales': array([0.00051776], dtype=float32), 'zero_points': array([0], dtype=int32), 'quantized_dimension': 0}",{},<class 'numpy.int32'>,"(0.0005177559796720743, 0)",[192]
fuse_attr_45,46,[2],"{'scales': array([], dtype=float32), 'zero_points': array([], dtype=int32), 'quantized_dimension': 0}",{},<class 'numpy.int32'>,"(0.0, 0)",[2]
input.82_te_transform,47,[  1  14  14 512],"{'scales': array([0.1506862], dtype=float32), 'zero_points': array([0], dtype=int32), 'quantized_dimension': 0}",{},<class 'numpy.uint8'>,"(0.15068620443344116, 0)",[  1  14  14 512]
fuse_attr_30,48,[  1   3   3 512],"{'scales': array([0.00812433], dtype=float32), 'zero_points': array([128], dtype=int32), 'quantized_dimension': 0}",{},<class 'numpy.uint8'>,"(0.008124328218400478, 128)",[  1   3   3 512]
input.1_te_transform,49,[  1   7   7 512],"{'scales': array([0.09071548], dtype=float32), 'zero_points': array([0], dtype=int32), 'quantized_dimension': 0}",{},<class 'numpy.uint8'>,"(0.09071548283100128, 0)",[  1   7   7 512]
input.86_attr_1,50,[512],"{'scales': array([0.00265482], dtype=float32), 'zero_points': array([0], dtype=int32), 'quantized_dimension': 0}",{},<class 'numpy.int32'>,"(0.0026548185851424932, 0)",[512]
fuse_attr_40,51,[  1   3   3 512],"{'scales': array([0.00924468], dtype=float32), 'zero_points': array([128], dtype=int32), 'quantized_dimension': 0}",{},<class 'numpy.uint8'>,"(0.009244680404663086, 128)",[  1   3   3 512]
input.34_attr_1,52,[192],"{'scales': array([0.00025392], dtype=float32), 'zero_points': array([0], dtype=int32), 'quantized_dimension': 0}",{},<class 'numpy.int32'>,"(0.0002539239067118615, 0)",[192]
fuse_attr_15,53,[192   1   1 192],"{'scales': array([0.00809331], dtype=float32), 'zero_points': array([128], dtype=int32), 'quantized_dimension': 0}",{},<class 'numpy.uint8'>,"(0.008093313314020634, 128)",[192   1   1 192]
fuse_attr_19,54,[192   1   1 192],"{'scales': array([0.00737143], dtype=float32), 'zero_points': array([128], dtype=int32), 'quantized_dimension': 0}",{},<class 'numpy.uint8'>,"(0.007371433544903994, 128)",[192   1   1 192]
input.46_te_transform_1_te_transform_2,55,[  1  30  30 192],"{'scales': array([0.03545453], dtype=float32), 'zero_points': array([0], dtype=int32), 'quantized_dimension': 0}",{},<class 'numpy.uint8'>,"(0.03545452654361725, 0)",[  1  30  30 192]
input.52_te_transform,56,[  1  14  14 512],"{'scales': array([0.10217486], dtype=float32), 'zero_points': array([0], dtype=int32), 'quantized_dimension': 0}",{},<class 'numpy.uint8'>,"(0.10217485576868057, 0)",[  1  14  14 512]
fuse_attr_18,57,[  1   3   3 192],"{'scales': array([0.00768546], dtype=float32), 'zero_points': array([128], dtype=int32), 'quantized_dimension': 0}",{},<class 'numpy.uint8'>,"(0.007685460150241852, 128)",[  1   3   3 192]
input.4_te_transform_1_te_attr_2,58,[4 2],"{'scales': array([], dtype=float32), 'zero_points': array([], dtype=int32), 'quantized_dimension': 0}",{},<class 'numpy.int32'>,"(0.0, 0)",[4 2]
fuse_attr_43,59,[1280    1    1  512],"{'scales': array([0.01065821], dtype=float32), 'zero_points': array([128], dtype=int32), 'quantized_dimension': 0}",{},<class 'numpy.uint8'>,"(0.010658211074769497, 128)",[1280    1    1  512]
fuse_attr_33,60,[512   1   1 512],"{'scales': array([0.00993238], dtype=float32), 'zero_points': array([128], dtype=int32), 'quantized_dimension': 0}",{},<class 'numpy.uint8'>,"(0.009932378306984901, 128)",[512   1   1 512]
input.46_te_transform_1_te_attr_2,61,[4 2],"{'scales': array([], dtype=float32), 'zero_points': array([], dtype=int32), 'quantized_dimension': 0}",{},<class 'numpy.int32'>,"(0.0, 0)",[4 2]
input.56_te_transform,62,[  1  14  14 512],"{'scales': array([0.15907378], dtype=float32), 'zero_points': array([0], dtype=int32), 'quantized_dimension': 0}",{},<class 'numpy.uint8'>,"(0.15907378494739532, 0)",[  1  14  14 512]
input.32_attr_1,63,[192],"{'scales': array([0.00018456], dtype=float32), 'zero_points': array([0], dtype=int32), 'quantized_dimension': 0}",{},<class 'numpy.int32'>,"(0.00018456434190738946, 0)",[192]
input.16_te_transform,64,[ 1 28 28 96],"{'scales': array([0.05802135], dtype=float32), 'zero_points': array([0], dtype=int32), 'quantized_dimension': 0}",{},<class 'numpy.uint8'>,"(0.05802135169506073, 0)",[ 1 28 28 96]
input.48_attr_1,65,[512],"{'scales': array([0.00034395], dtype=float32), 'zero_points': array([0], dtype=int32), 'quantized_dimension': 0}",{},<class 'numpy.int32'>,"(0.0003439511638134718, 0)",[512]
fuse_attr_17,66,[192   1   1 192],"{'scales': array([0.00803882], dtype=float32), 'zero_points': array([128], dtype=int32), 'quantized_dimension': 0}",{},<class 'numpy.uint8'>,"(0.008038819767534733, 128)",[192   1   1 192]
input.12_te_transform,67,[ 1 56 56 96],"{'scales': array([0.04900489], dtype=float32), 'zero_points': array([0], dtype=int32), 'quantized_dimension': 0}",{},<class 'numpy.uint8'>,"(0.04900489002466202, 0)",[ 1 56 56 96]
input.42_attr_1,68,[192],"{'scales': array([0.00024093], dtype=float32), 'zero_points': array([0], dtype=int32), 'quantized_dimension': 0}",{},<class 'numpy.int32'>,"(0.00024093029787763953, 0)",[192]
fuse_attr_39,69,[512   1   1 512],"{'scales': array([0.00909669], dtype=float32), 'zero_points': array([128], dtype=int32), 'quantized_dimension': 0}",{},<class 'numpy.uint8'>,"(0.009096690453588963, 128)",[512   1   1 512]
input.30_attr_1,70,[192],"{'scales': array([0.00025963], dtype=float32), 'zero_points': array([0], dtype=int32), 'quantized_dimension': 0}",{},<class 'numpy.int32'>,"(0.00025962688960134983, 0)",[192]
input.6_te_transform,71,[  1 112 112  64],"{'scales': array([0.1974415], dtype=float32), 'zero_points': array([0], dtype=int32), 'quantized_dimension': 0}",{},<class 'numpy.uint8'>,"(0.19744150340557098, 0)",[  1 112 112  64]
input.84_attr_1,72,[512],"{'scales': array([0.00142022], dtype=float32), 'zero_points': array([0], dtype=int32), 'quantized_dimension': 0}",{},<class 'numpy.int32'>,"(0.001420223037712276, 0)",[512]
fuse_attr_21,73,[192   1   1 192],"{'scales': array([0.00734002], dtype=float32), 'zero_points': array([128], dtype=int32), 'quantized_dimension': 0}",{},<class 'numpy.uint8'>,"(0.007340023759752512, 128)",[192   1   1 192]
fuse_attr_23,74,[512   1   1 192],"{'scales': array([0.00911338], dtype=float32), 'zero_points': array([128], dtype=int32), 'quantized_dimension': 0}",{},<class 'numpy.uint8'>,"(0.009113382548093796, 128)",[512   1   1 192]
fuse_attr_16,75,[  1   3   3 192],"{'scales': array([0.00814901], dtype=float32), 'zero_points': array([128], dtype=int32), 'quantized_dimension': 0}",{},<class 'numpy.uint8'>,"(0.00814900640398264, 128)",[  1   3   3 192]
fuse_attr_41,76,[512   1   1 512],"{'scales': array([0.01010969], dtype=float32), 'zero_points': array([128], dtype=int32), 'quantized_dimension': 0}",{},<class 'numpy.uint8'>,"(0.010109693743288517, 128)",[512   1   1 512]
fuse_attr_37,77,[512   1   1 512],"{'scales': array([0.00808622], dtype=float32), 'zero_points': array([128], dtype=int32), 'quantized_dimension': 0}",{},<class 'numpy.uint8'>,"(0.008086221292614937, 128)",[512   1   1 512]
fuse_attr_25,78,[512   1   1 512],"{'scales': array([0.01070924], dtype=float32), 'zero_points': array([128], dtype=int32), 'quantized_dimension': 0}",{},<class 'numpy.uint8'>,"(0.010709237307310104, 128)",[512   1   1 512]
fuse_attr_7,79,[192   1   1  96],"{'scales': array([0.00760876], dtype=float32), 'zero_points': array([128], dtype=int32), 'quantized_dimension': 0}",{},<class 'numpy.uint8'>,"(0.0076087601482868195, 128)",[192   1   1  96]
fuse_attr_27,80,[512   1   1 512],"{'scales': array([0.00916746], dtype=float32), 'zero_points': array([128], dtype=int32), 'quantized_dimension': 0}",{},<class 'numpy.uint8'>,"(0.009167459793388844, 128)",[512   1   1 512]
input.54_te_transform,81,[  1  14  14 512],"{'scales': array([0.11515793], dtype=float32), 'zero_points': array([0], dtype=int32), 'quantized_dimension': 0}",{},<class 'numpy.uint8'>,"(0.11515793204307556, 0)",[  1  14  14 512]
input.78_attr_1,82,[512],"{'scales': array([0.00229011], dtype=float32), 'zero_points': array([0], dtype=int32), 'quantized_dimension': 0}",{},<class 'numpy.int32'>,"(0.0022901082411408424, 0)",[512]
input.60_attr_1,83,[512],"{'scales': array([0.00135194], dtype=float32), 'zero_points': array([0], dtype=int32), 'quantized_dimension': 0}",{},<class 'numpy.int32'>,"(0.0013519388157874346, 0)",[512]
input.42_te_transform,84,[  1  28  28 192],"{'scales': array([0.03183319], dtype=float32), 'zero_points': array([0], dtype=int32), 'quantized_dimension': 0}",{},<class 'numpy.uint8'>,"(0.031833186745643616, 0)",[  1  28  28 192]
input.8_te_transform,85,[ 1 56 56 64],"{'scales': array([0.1004088], dtype=float32), 'zero_points': array([0], dtype=int32), 'quantized_dimension': 0}",{},<class 'numpy.uint8'>,"(0.10040879994630814, 0)",[ 1 56 56 64]
input.72_attr_1,86,[512],"{'scales': array([0.00270094], dtype=float32), 'zero_points': array([0], dtype=int32), 'quantized_dimension': 0}",{},<class 'numpy.int32'>,"(0.0027009400073438883, 0)",[512]
Xq.1_attr_1,87,[1000],"{'scales': array([0.00222858], dtype=float32), 'zero_points': array([0], dtype=int32), 'quantized_dimension': 0}",{},<class 'numpy.int32'>,"(0.002228583674877882, 0)",[1000]
fuse_attr_31,88,[512   1   1 512],"{'scales': array([0.01005728], dtype=float32), 'zero_points': array([128], dtype=int32), 'quantized_dimension': 0}",{},<class 'numpy.uint8'>,"(0.010057280771434307, 128)",[512   1   1 512]
input.14_te_transform_1_te_transform_2,89,[ 1 58 58 96],"{'scales': array([0.04167517], dtype=float32), 'zero_points': array([0], dtype=int32), 'quantized_dimension': 0}",{},<class 'numpy.uint8'>,"(0.04167516902089119, 0)",[ 1 58 58 96]
input.18_attr_1,90,[192],"{'scales': array([0.0005369], dtype=float32), 'zero_points': array([0], dtype=int32), 'quantized_dimension': 0}",{},<class 'numpy.int32'>,"(0.0005369025166146457, 0)",[192]
input.66_attr_1,91,[512],"{'scales': array([0.00366622], dtype=float32), 'zero_points': array([0], dtype=int32), 'quantized_dimension': 0}",{},<class 'numpy.int32'>,"(0.0036662195343524218, 0)",[512]
gap.1_transform_1,92,[   1    1    1 1280],"{'scales': array([0.18627396], dtype=float32), 'zero_points': array([0], dtype=int32), 'quantized_dimension': 0}",{},<class 'numpy.uint8'>,"(0.1862739622592926, 0)",[   1    1    1 1280]
input.64_te_transform,93,[  1  14  14 512],"{'scales': array([0.3131096], dtype=float32), 'zero_points': array([0], dtype=int32), 'quantized_dimension': 0}",{},<class 'numpy.uint8'>,"(0.3131096065044403, 0)",[  1  14  14 512]
gap.1_transform,94,[   1    7    7 1280],"{'scales': array([0.18627396], dtype=float32), 'zero_points': array([0], dtype=int32), 'quantized_dimension': 0}",{},<class 'numpy.uint8'>,"(0.1862739622592926, 0)",[   1    7    7 1280]
fuse_attr_9,95,[192   1   1 192],"{'scales': array([0.00773357], dtype=float32), 'zero_points': array([128], dtype=int32), 'quantized_dimension': 0}",{},<class 'numpy.uint8'>,"(0.007733570411801338, 128)",[192   1   1 192]
input.10_te_transform,96,[ 1 56 56 96],"{'scales': array([0.09113868], dtype=float32), 'zero_points': array([0], dtype=int32), 'quantized_dimension': 0}",{},<class 'numpy.uint8'>,"(0.09113867580890656, 0)",[ 1 56 56 96]
input.34_te_transform,97,[  1  28  28 192],"{'scales': array([0.03116011], dtype=float32), 'zero_points': array([0], dtype=int32), 'quantized_dimension': 0}",{},<class 'numpy.uint8'>,"(0.031160106882452965, 0)",[  1  28  28 192]
input.52_attr_1,98,[512],"{'scales': array([0.00109421], dtype=float32), 'zero_points': array([0], dtype=int32), 'quantized_dimension': 0}",{},<class 'numpy.int32'>,"(0.001094214734621346, 0)",[512]
input.58_te_transform,99,[  1  14  14 512],"{'scales': array([0.16410075], dtype=float32), 'zero_points': array([0], dtype=int32), 'quantized_dimension': 0}",{},<class 'numpy.uint8'>,"(0.1641007512807846, 0)",[  1  14  14 512]
input.32_te_transform,100,[  1  28  28 192],"{'scales': array([0.02280455], dtype=float32), 'zero_points': array([0], dtype=int32), 'quantized_dimension': 0}",{},<class 'numpy.uint8'>,"(0.02280454710125923, 0)",[  1  28  28 192]
input.4_te_transform,101,[  1 224 224   3],"{'scales': array([0.01865845], dtype=float32), 'zero_points': array([114], dtype=int32), 'quantized_dimension': 0}",{},<class 'numpy.uint8'>,"(0.01865844801068306, 114)",[  1 224 224   3]
input.40_attr_1,102,[192],"{'scales': array([0.00018721], dtype=float32), 'zero_points': array([0], dtype=int32), 'quantized_dimension': 0}",{},<class 'numpy.int32'>,"(0.00018721417291089892, 0)",[192]
input.24_te_transform,103,[  1  28  28 192],"{'scales': array([0.03222864], dtype=float32), 'zero_points': array([0], dtype=int32), 'quantized_dimension': 0}",{},<class 'numpy.uint8'>,"(0.03222864493727684, 0)",[  1  28  28 192]
input.24_attr_1,104,[192],"{'scales': array([0.00025941], dtype=float32), 'zero_points': array([0], dtype=int32), 'quantized_dimension': 0}",{},<class 'numpy.int32'>,"(0.00025941431522369385, 0)",[192]
input.76_attr_1,105,[512],"{'scales': array([0.00222781], dtype=float32), 'zero_points': array([0], dtype=int32), 'quantized_dimension': 0}",{},<class 'numpy.int32'>,"(0.002227808116003871, 0)",[512]
input.20_attr_1,106,[192],"{'scales': array([0.00034237], dtype=float32), 'zero_points': array([0], dtype=int32), 'quantized_dimension': 0}",{},<class 'numpy.int32'>,"(0.000342368584824726, 0)",[192]
input.86_te_transform_1_te_transform_2,107,[  1  16  16 512],"{'scales': array([0.23851822], dtype=float32), 'zero_points': array([0], dtype=int32), 'quantized_dimension': 0}",{},<class 'numpy.uint8'>,"(0.23851822316646576, 0)",[  1  16  16 512]
fuse_attr_11,108,[192   1   1 192],"{'scales': array([0.00804918], dtype=float32), 'zero_points': array([128], dtype=int32), 'quantized_dimension': 0}",{},<class 'numpy.uint8'>,"(0.008049184456467628, 128)",[192   1   1 192]
input.6_attr_1,109,[64],"{'scales': array([0.00251687], dtype=float32), 'zero_points': array([0], dtype=int32), 'quantized_dimension': 0}",{},<class 'numpy.int32'>,"(0.0025168696884065866, 0)",[64]
input.14_te_transform,110,[ 1 56 56 96],"{'scales': array([0.04167517], dtype=float32), 'zero_points': array([0], dtype=int32), 'quantized_dimension': 0}",{},<class 'numpy.uint8'>,"(0.04167516902089119, 0)",[ 1 56 56 96]
fuse_attr_14,111,[  1   3   3 192],"{'scales': array([0.00821092], dtype=float32), 'zero_points': array([128], dtype=int32), 'quantized_dimension': 0}",{},<class 'numpy.uint8'>,"(0.008210915140807629, 128)",[  1   3   3 192]
input.26_te_transform,112,[  1  28  28 192],"{'scales': array([0.03866026], dtype=float32), 'zero_points': array([0], dtype=int32), 'quantized_dimension': 0}",{},<class 'numpy.uint8'>,"(0.038660258054733276, 0)",[  1  28  28 192]
fuse_attr_34,113,[  1   3   3 512],"{'scales': array([0.00929006], dtype=float32), 'zero_points': array([128], dtype=int32), 'quantized_dimension': 0}",{},<class 'numpy.uint8'>,"(0.009290059097111225, 128)",[  1   3   3 512]
fuse_attr_13,114,[192   1   1 192],"{'scales': array([0.00826526], dtype=float32), 'zero_points': array([128], dtype=int32), 'quantized_dimension': 0}",{},<class 'numpy.uint8'>,"(0.00826526153832674, 128)",[192   1   1 192]
input.46_te_transform,115,[  1  28  28 192],"{'scales': array([0.03545453], dtype=float32), 'zero_points': array([0], dtype=int32), 'quantized_dimension': 0}",{},<class 'numpy.uint8'>,"(0.03545452654361725, 0)",[  1  28  28 192]
input.36_te_transform,116,[  1  28  28 192],"{'scales': array([0.02190394], dtype=float32), 'zero_points': array([0], dtype=int32), 'quantized_dimension': 0}",{},<class 'numpy.uint8'>,"(0.021903937682509422, 0)",[  1  28  28 192]
input.60_te_transform,117,[  1  14  14 512],"{'scales': array([0.16925794], dtype=float32), 'zero_points': array([0], dtype=int32), 'quantized_dimension': 0}",{},<class 'numpy.uint8'>,"(0.16925793886184692, 0)",[  1  14  14 512]
input.68_te_transform,118,[  1  14  14 512],"{'scales': array([0.31104952], dtype=float32), 'zero_points': array([0], dtype=int32), 'quantized_dimension': 0}",{},<class 'numpy.uint8'>,"(0.31104952096939087, 0)",[  1  14  14 512]
input.86_te_transform,119,[  1  14  14 512],"{'scales': array([0.23851822], dtype=float32), 'zero_points': array([0], dtype=int32), 'quantized_dimension': 0}",{},<class 'numpy.uint8'>,"(0.23851822316646576, 0)",[  1  14  14 512]
input.46_attr_1,120,[192],"{'scales': array([0.00026228], dtype=float32), 'zero_points': array([0], dtype=int32), 'quantized_dimension': 0}",{},<class 'numpy.int32'>,"(0.00026228142087347806, 0)",[192]
input.78_te_transform,121,[  1  14  14 512],"{'scales': array([0.28038695], dtype=float32), 'zero_points': array([0], dtype=int32), 'quantized_dimension': 0}",{},<class 'numpy.uint8'>,"(0.28038695454597473, 0)",[  1  14  14 512]
input.62_te_transform,122,[  1  14  14 512],"{'scales': array([0.32816356], dtype=float32), 'zero_points': array([0], dtype=int32), 'quantized_dimension': 0}",{},<class 'numpy.uint8'>,"(0.3281635642051697, 0)",[  1  14  14 512]
input.44_te_transform,123,[  1  28  28 192],"{'scales': array([0.02602765], dtype=float32), 'zero_points': array([0], dtype=int32), 'quantized_dimension': 0}",{},<class 'numpy.uint8'>,"(0.026027649641036987, 0)",[  1  28  28 192]
input.48_te_transform,124,[  1  14  14 192],"{'scales': array([0.03774133], dtype=float32), 'zero_points': array([0], dtype=int32), 'quantized_dimension': 0}",{},<class 'numpy.uint8'>,"(0.03774132952094078, 0)",[  1  14  14 192]
input.14_attr_1,125,[96],"{'scales': array([0.00035776], dtype=float32), 'zero_points': array([0], dtype=int32), 'quantized_dimension': 0}",{},<class 'numpy.int32'>,"(0.00035775985452346504, 0)",[96]
input.4_attr_1,126,[64],"{'scales': array([0.00026166], dtype=float32), 'zero_points': array([0], dtype=int32), 'quantized_dimension': 0}",{},<class 'numpy.int32'>,"(0.0002616559504531324, 0)",[64]
input.22_te_transform,127,[  1  28  28 192],"{'scales': array([0.06225422], dtype=float32), 'zero_points': array([0], dtype=int32), 'quantized_dimension': 0}",{},<class 'numpy.uint8'>,"(0.06225421652197838, 0)",[  1  28  28 192]
fuse_attr_3,128,[96  1  1 64],"{'scales': array([0.01184378], dtype=float32), 'zero_points': array([128], dtype=int32), 'quantized_dimension': 0}",{},<class 'numpy.uint8'>,"(0.011843781918287277, 128)",[96  1  1 64]
gap.1_attr,129,[2],"{'scales': array([], dtype=float32), 'zero_points': array([], dtype=int32), 'quantized_dimension': 0}",{},<class 'numpy.int32'>,"(0.0, 0)",[2]
input.12_attr_1,130,[96],"{'scales': array([0.00043997], dtype=float32), 'zero_points': array([0], dtype=int32), 'quantized_dimension': 0}",{},<class 'numpy.int32'>,"(0.00043997366447001696, 0)",[96]
input.64_attr_1,131,[512],"{'scales': array([0.00314903], dtype=float32), 'zero_points': array([0], dtype=int32), 'quantized_dimension': 0}",{},<class 'numpy.int32'>,"(0.0031490311957895756, 0)",[512]
fuse_attr_36,132,[  1   3   3 512],"{'scales': array([0.00946675], dtype=float32), 'zero_points': array([128], dtype=int32), 'quantized_dimension': 0}",{},<class 'numpy.uint8'>,"(0.009466751478612423, 128)",[  1   3   3 512]
fuse_attr_20,133,[  1   3   3 192],"{'scales': array([0.00756853], dtype=float32), 'zero_points': array([128], dtype=int32), 'quantized_dimension': 0}",{},<class 'numpy.uint8'>,"(0.007568526081740856, 128)",[  1   3   3 192]
input.62_attr_1,134,[512],"{'scales': array([0.00266611], dtype=float32), 'zero_points': array([0], dtype=int32), 'quantized_dimension': 0}",{},<class 'numpy.int32'>,"(0.0026661085430532694, 0)",[512]
fuse_attr_24,135,[  1   3   3 512],"{'scales': array([0.01093952], dtype=float32), 'zero_points': array([128], dtype=int32), 'quantized_dimension': 0}",{},<class 'numpy.uint8'>,"(0.010939515195786953, 128)",[  1   3   3 512]
input.10_attr_1,136,[96],"{'scales': array([0.00097386], dtype=float32), 'zero_points': array([0], dtype=int32), 'quantized_dimension': 0}",{},<class 'numpy.int32'>,"(0.0009738560183905065, 0)",[96]
input.1_attr_1,137,[1280],"{'scales': array([0.00096686], dtype=float32), 'zero_points': array([0], dtype=int32), 'quantized_dimension': 0}",{},<class 'numpy.int32'>,"(0.0009668647544458508, 0)",[1280]
input.66_te_transform,138,[  1  14  14 512],"{'scales': array([0.41561708], dtype=float32), 'zero_points': array([0], dtype=int32), 'quantized_dimension': 0}",{},<class 'numpy.uint8'>,"(0.41561707854270935, 0)",[  1  14  14 512]
input.28_te_transform,139,[  1  28  28 192],"{'scales': array([0.02599564], dtype=float32), 'zero_points': array([0], dtype=int32), 'quantized_dimension': 0}",{},<class 'numpy.uint8'>,"(0.025995643809437752, 0)",[  1  28  28 192]
input.40_te_transform,140,[  1  28  28 192],"{'scales': array([0.02539725], dtype=float32), 'zero_points': array([0], dtype=int32), 'quantized_dimension': 0}",{},<class 'numpy.uint8'>,"(0.025397254154086113, 0)",[  1  28  28 192]
input.82_attr_1,141,[512],"{'scales': array([0.00139305], dtype=float32), 'zero_points': array([0], dtype=int32), 'quantized_dimension': 0}",{},<class 'numpy.int32'>,"(0.0013930457644164562, 0)",[512]
1085,142,[   1 1000],"{'scales': array([], dtype=float32), 'zero_points': array([], dtype=int32), 'quantized_dimension': 0}",{},<class 'numpy.float32'>,"(0.0, 0)",[   1 1000]
fuse_attr_4,143,[ 1  3  3 96],"{'scales': array([0.01068543], dtype=float32), 'zero_points': array([128], dtype=int32), 'quantized_dimension': 0}",{},<class 'numpy.uint8'>,"(0.010685430839657784, 128)",[ 1  3  3 96]
input.84_te_transform,144,[  1  14  14 512],"{'scales': array([0.14048131], dtype=float32), 'zero_points': array([0], dtype=int32), 'quantized_dimension': 0}",{},<class 'numpy.uint8'>,"(0.14048130810260773, 0)",[  1  14  14 512]
input.70_attr_1,145,[512],"{'scales': array([0.00455649], dtype=float32), 'zero_points': array([0], dtype=int32), 'quantized_dimension': 0}",{},<class 'numpy.int32'>,"(0.004556489642709494, 0)",[512]
fuse_attr_2,146,[ 1  3  3 64],"{'scales': array([0.01274742], dtype=float32), 'zero_points': array([128], dtype=int32), 'quantized_dimension': 0}",{},<class 'numpy.uint8'>,"(0.012747419066727161, 128)",[ 1  3  3 64]
input.30_te_transform,147,[  1  28  28 192],"{'scales': array([0.03161973], dtype=float32), 'zero_points': array([0], dtype=int32), 'quantized_dimension': 0}",{},<class 'numpy.uint8'>,"(0.03161972761154175, 0)",[  1  28  28 192]
fuse_attr_26,148,[  1   3   3 512],"{'scales': array([0.01148232], dtype=float32), 'zero_points': array([128], dtype=int32), 'quantized_dimension': 0}",{},<class 'numpy.uint8'>,"(0.011482324451208115, 128)",[  1   3   3 512]
,149,[4],"{'scales': array([], dtype=float32), 'zero_points': array([], dtype=int32), 'quantized_dimension': 0}",{},<class 'numpy.int32'>,"(0.0, 0)",[4]
,150,[2],"{'scales': array([], dtype=float32), 'zero_points': array([], dtype=int32), 'quantized_dimension': 0}",{},<class 'numpy.int32'>,"(0.0, 0)",[2]
,151,[1280],"{'scales': array([], dtype=float32), 'zero_points': array([], dtype=int32), 'quantized_dimension': 0}",{},<class 'numpy.int32'>,"(0.0, 0)",[1280]
,159,[  1 112 112  27],"{'scales': array([], dtype=float32), 'zero_points': array([], dtype=int32), 'quantized_dimension': 0}",{},<class 'numpy.uint8'>,"(0.0, 0)",[  1 112 112  27]
